timestamp,value,iso_anomaly,anomaly_score,category
2023-01-01 00:00:00,-1.3424100301112887,0,0.0,
2023-01-01 01:00:00,-0.29848787770565594,0,0.0,
2023-01-01 02:00:00,-1.564924658656265,1,1.582736988662541,Gradual Drifts
2023-01-01 03:00:00,-0.6683350248097699,0,0.0,
2023-01-01 04:00:00,1.2828739154550397,0,0.0,
2023-01-01 05:00:00,-1.7760571147246875,1,1.7938694447309635,Gradual Drifts
2023-01-01 06:00:00,0.41139059535450656,0,0.0,
2023-01-01 07:00:00,-0.49618160807232886,0,0.0,
2023-01-01 08:00:00,-1.184580913652282,0,0.0,
2023-01-01 09:00:00,-0.9813453173435449,0,0.0,
2023-01-01 10:00:00,0.06912479115325476,0,0.0,
2023-01-01 11:00:00,1.1959993478576711,0,0.0,
2023-01-01 12:00:00,0.22046099868013516,0,0.0,
2023-01-01 13:00:00,0.8432611773620454,0,0.0,
2023-01-01 14:00:00,0.39519528711053215,0,0.0,
2023-01-01 15:00:00,1.6712282044551852,0,0.0,
2023-01-01 16:00:00,1.4843957670551078,0,0.0,
2023-01-01 17:00:00,1.156720965378447,0,0.0,
2023-01-01 18:00:00,0.6149080735509612,0,0.0,
2023-01-01 19:00:00,-1.3326888980509914,0,0.0,
2023-01-01 20:00:00,-0.4541866834349284,0,0.0,
2023-01-01 21:00:00,0.5674671727805763,0,0.0,
2023-01-01 22:00:00,0.7837643073470576,0,0.0,
2023-01-01 23:00:00,0.6766086871082272,0,0.0,
2023-01-02 00:00:00,-0.47603751058955424,0,0.0,
2023-01-02 01:00:00,0.5847000157640657,0,0.0,
2023-01-02 02:00:00,1.5540714353494915,0,0.0,
2023-01-02 03:00:00,-0.4140407272653044,0,0.0,
2023-01-02 04:00:00,-1.175241298614192,0,0.0,
2023-01-02 05:00:00,-0.12494083870381716,0,0.0,
2023-01-02 06:00:00,-0.8127812187679802,0,0.0,
2023-01-02 07:00:00,0.060405815807337324,0,0.0,
2023-01-02 08:00:00,0.7067000556660642,0,0.0,
2023-01-02 09:00:00,1.8232585957660408,0,0.0,
2023-01-02 10:00:00,-0.8520005017648522,0,0.0,
2023-01-02 11:00:00,0.18658272271158244,0,0.0,
2023-01-02 12:00:00,0.38332967497631837,0,0.0,
2023-01-02 13:00:00,1.6927365097095899,0,0.0,
2023-01-02 14:00:00,-1.1864859573631552,0,0.0,
2023-01-02 15:00:00,-0.5857210314622001,0,0.0,
2023-01-02 16:00:00,-1.6109708399639193,1,1.6287831699701953,Gradual Drifts
2023-01-02 17:00:00,-1.407746874099597,0,0.0,
2023-01-02 18:00:00,-1.0356595519834235,0,0.0,
2023-01-02 19:00:00,-1.020170380001398,0,0.0,
2023-01-02 20:00:00,0.4400470348816915,0,0.0,
2023-01-02 21:00:00,1.2256219204461243,0,0.0,
2023-01-02 22:00:00,0.21609759870675724,0,0.0,
2023-01-02 23:00:00,0.8796311508156553,0,0.0,
2023-01-03 00:00:00,0.9687803379445687,0,0.0,
2023-01-03 01:00:00,-0.707942454114611,0,0.0,
2023-01-03 02:00:00,-2.01947778897977,1,2.037290118986046,Gradual Drifts
2023-01-03 03:00:00,0.8153465457444415,0,0.0,
2023-01-03 04:00:00,-0.8385203326504693,0,0.0,
2023-01-03 05:00:00,1.760866572377564,0,0.0,
2023-01-03 06:00:00,1.4744514559572617,0,0.0,
2023-01-03 07:00:00,0.6188168262485618,0,0.0,
2023-01-03 08:00:00,-0.4921698362533925,0,0.0,
2023-01-03 09:00:00,0.226841830734822,0,0.0,
2023-01-03 10:00:00,-1.1736928527043335,0,0.0,
2023-01-03 11:00:00,0.660932592181468,0,0.0,
2023-01-03 12:00:00,0.8465202171843761,0,0.0,
2023-01-03 13:00:00,-2.5837131901416495,1,2.6015255201479253,Gradual Drifts
2023-01-03 14:00:00,-0.648059843841679,0,0.0,
2023-01-03 15:00:00,-1.3021662608194198,0,0.0,
2023-01-03 16:00:00,0.1794805944394776,0,0.0,
2023-01-03 17:00:00,0.17413025791965198,0,0.0,
2023-01-03 18:00:00,-0.008447380651386477,0,0.0,
2023-01-03 19:00:00,-2.1604718220635917,1,2.1782841520698675,Gradual Drifts
2023-01-03 20:00:00,0.6389071681900034,0,0.0,
2023-01-03 21:00:00,0.16825256255163684,0,0.0,
2023-01-03 22:00:00,0.6044117214106517,0,0.0,
2023-01-03 23:00:00,0.2687602766669298,0,0.0,
2023-01-04 00:00:00,-0.4266936468229195,0,0.0,
2023-01-04 01:00:00,-0.08489051448268874,0,0.0,
2023-01-04 02:00:00,-0.6581038165792953,0,0.0,
2023-01-04 03:00:00,1.2073270665254672,0,0.0,
2023-01-04 04:00:00,-1.8661020683034761,1,1.8839143983097522,Gradual Drifts
2023-01-04 05:00:00,0.6070751507489278,0,0.0,
2023-01-04 06:00:00,1.0464587202154914,0,0.0,
2023-01-04 07:00:00,0.6587379131043185,0,0.0,
2023-01-04 08:00:00,-1.2496809228266716,0,0.0,
2023-01-04 09:00:00,0.16958624832816932,0,0.0,
2023-01-04 10:00:00,0.674246898305931,0,0.0,
2023-01-04 11:00:00,0.32418748305771183,0,0.0,
2023-01-04 12:00:00,0.2831050078350674,0,0.0,
2023-01-04 13:00:00,1.2134249633648435,0,0.0,
2023-01-04 14:00:00,0.8446926912927285,0,0.0,
2023-01-04 15:00:00,1.3545846327744722,0,0.0,
2023-01-04 16:00:00,-0.3561700371203981,0,0.0,
2023-01-04 17:00:00,-1.3688277475128945,0,0.0,
2023-01-04 18:00:00,-0.994707378304612,0,0.0,
2023-01-04 19:00:00,0.3826452582937223,0,0.0,
2023-01-04 20:00:00,0.6024987397837904,0,0.0,
2023-01-04 21:00:00,2.394120558432538,1,2.376308228426262,Gradual Drifts
2023-01-04 22:00:00,0.7374341360023523,0,0.0,
2023-01-04 23:00:00,0.7648281181881601,0,0.0,
2023-01-05 00:00:00,1.0298611499441679,0,0.0,
2023-01-05 01:00:00,-1.3910811222614234,0,0.0,
2023-01-05 02:00:00,-1.6769367816759169,1,1.6947491116821929,Gradual Drifts
2023-01-05 03:00:00,-0.665211174559798,0,0.0,
2023-01-05 04:00:00,-0.8374079169529779,0,0.0,
2023-01-05 05:00:00,0.11254182396987886,0,0.0,
2023-01-05 06:00:00,-0.12172236509063386,0,0.0,
2023-01-05 07:00:00,0.48996126391333156,0,0.0,
2023-01-05 08:00:00,-1.7288714048889084,1,1.7466837348951845,Gradual Drifts
2023-01-05 09:00:00,-0.1407813139703485,0,0.0,
2023-01-05 10:00:00,-0.16136236070746865,0,0.0,
2023-01-05 11:00:00,1.0340130395213232,0,0.0,
2023-01-05 12:00:00,2.060916454769671,1,2.043104124763395,Gradual Drifts
2023-01-05 13:00:00,-0.32462249983472236,0,0.0,
2023-01-05 14:00:00,-2.0748039252604094,1,2.092616255266685,Gradual Drifts
2023-01-05 15:00:00,-0.870682676019342,0,0.0,
2023-01-05 16:00:00,-0.06246856660699416,0,0.0,
2023-01-05 17:00:00,-0.7212143640492992,0,0.0,
2023-01-05 18:00:00,0.1550743719200715,0,0.0,
2023-01-05 19:00:00,-0.5832173710242581,0,0.0,
2023-01-05 20:00:00,-0.398608451951614,0,0.0,
2023-01-05 21:00:00,0.4373702249874119,0,0.0,
2023-01-05 22:00:00,-0.2639403996019974,0,0.0,
2023-01-05 23:00:00,0.5459036302439699,0,0.0,
2023-01-06 00:00:00,0.621201537849472,0,0.0,
2023-01-06 01:00:00,1.6643703712361868,0,0.0,
2023-01-06 02:00:00,1.8193683285669384,0,0.0,
2023-01-06 03:00:00,-1.4459274283271732,0,0.0,
2023-01-06 04:00:00,-0.8800129556386721,0,0.0,
2023-01-06 05:00:00,0.3810431744801733,0,0.0,
2023-01-06 06:00:00,0.21995601931770606,0,0.0,
2023-01-06 07:00:00,-0.027870527660011794,0,0.0,
2023-01-06 08:00:00,-0.7472075476810337,0,0.0,
2023-01-06 09:00:00,2.054212836141269,1,2.036400506134993,Gradual Drifts
2023-01-06 10:00:00,1.3811799541286383,0,0.0,
2023-01-06 11:00:00,-1.8349544945007883,1,1.8527668245070643,Gradual Drifts
2023-01-06 12:00:00,-0.2898292283432852,0,0.0,
2023-01-06 13:00:00,-1.397415428555533,0,0.0,
2023-01-06 14:00:00,0.1870778535641835,0,0.0,
2023-01-06 15:00:00,1.219647821248604,0,0.0,
2023-01-06 16:00:00,0.3537500573660221,0,0.0,
2023-01-06 17:00:00,-0.18255093616591872,0,0.0,
2023-01-06 18:00:00,2.5326683948610573,1,2.5148560648547815,Gradual Drifts
2023-01-06 19:00:00,0.16744643063381837,0,0.0,
2023-01-06 20:00:00,1.3772953062903577,0,0.0,
2023-01-06 21:00:00,-0.9775600538273282,0,0.0,
2023-01-06 22:00:00,1.2718565782908333,0,0.0,
2023-01-06 23:00:00,0.808068350694008,0,0.0,
2023-01-07 00:00:00,-0.21060803814740992,0,0.0,
2023-01-07 01:00:00,1.3102384260211604,0,0.0,
2023-01-07 02:00:00,-0.6473734132189302,0,0.0,
2023-01-07 03:00:00,0.8552936956542586,0,0.0,
2023-01-07 04:00:00,-0.7434139295176926,0,0.0,
2023-01-07 05:00:00,0.4938755228423233,0,0.0,
2023-01-07 06:00:00,0.05551624754059706,0,0.0,
2023-01-07 07:00:00,0.3939568959546739,0,0.0,
2023-01-07 08:00:00,-2.5517887595214073,1,2.569601089527683,Gradual Drifts
2023-01-07 09:00:00,-0.20296692858915918,0,0.0,
2023-01-07 10:00:00,-0.005108411533506799,0,0.0,
2023-01-07 11:00:00,0.19454453759687845,0,0.0,
2023-01-07 12:00:00,-0.822573593331364,0,0.0,
2023-01-07 13:00:00,-1.0503058455799175,0,0.0,
2023-01-07 14:00:00,1.0990962645999183,0,0.0,
2023-01-07 15:00:00,-0.7392512144292916,0,0.0,
2023-01-07 16:00:00,0.592213902091105,0,0.0,
2023-01-07 17:00:00,0.15797474246258808,0,0.0,
2023-01-07 18:00:00,0.7140351458682455,0,0.0,
2023-01-07 19:00:00,-0.15908390461532687,0,0.0,
2023-01-07 20:00:00,-0.8589889184592089,0,0.0,
2023-01-07 21:00:00,0.9282708494241184,0,0.0,
2023-01-07 22:00:00,1.8476628210971475,1,1.8298504910908715,Gradual Drifts
2023-01-07 23:00:00,1.2056717908561623,0,0.0,
2023-01-08 00:00:00,0.24481804829291784,0,0.0,
2023-01-08 01:00:00,-1.2814843226890493,0,0.0,
2023-01-08 02:00:00,1.0693182186159584,0,0.0,
2023-01-08 03:00:00,-0.9161347569066146,0,0.0,
2023-01-08 04:00:00,-0.4009414112782366,0,0.0,
2023-01-08 05:00:00,0.7480540516666434,0,0.0,
2023-01-08 06:00:00,-0.5092288960024218,0,0.0,
2023-01-08 07:00:00,1.7244321605356787,0,0.0,
2023-01-08 08:00:00,-0.31497602277289877,0,0.0,
2023-01-08 09:00:00,1.9402899966807612,1,1.9224776666744852,Gradual Drifts
2023-01-08 10:00:00,0.4267318598436574,0,0.0,
2023-01-08 11:00:00,-0.4345759037919494,0,0.0,
2023-01-08 12:00:00,0.3191534790118451,0,0.0,
2023-01-08 13:00:00,0.453470784984899,0,0.0,
2023-01-08 14:00:00,-1.3711824373895334,0,0.0,
2023-01-08 15:00:00,0.8105968462158374,0,0.0,
2023-01-08 16:00:00,0.48585025127833964,0,0.0,
2023-01-08 17:00:00,1.1621885842536768,0,0.0,
2023-01-08 18:00:00,0.9449362888824384,0,0.0,
2023-01-08 19:00:00,-1.505954578598291,0,0.0,
2023-01-08 20:00:00,-0.09050248749996402,0,0.0,
2023-01-08 21:00:00,-1.8804277471952182,1,1.8982400772014942,Gradual Drifts
2023-01-08 22:00:00,0.0350360051343206,0,0.0,
2023-01-08 23:00:00,0.031207764304252258,0,0.0,
2023-01-09 00:00:00,-1.9312341118662055,1,1.9490464418724815,Gradual Drifts
2023-01-09 01:00:00,0.7567362068626908,0,0.0,
2023-01-09 02:00:00,-0.9166141286999973,0,0.0,
2023-01-09 03:00:00,-0.2992217178555989,0,0.0,
2023-01-09 04:00:00,1.2302660335418634,0,0.0,
2023-01-09 05:00:00,0.3261821576085521,0,0.0,
2023-01-09 06:00:00,0.7599187931426539,0,0.0,
2023-01-09 07:00:00,-0.6029986475036426,0,0.0,
2023-01-09 08:00:00,-1.9730896372709927,1,1.9909019672772688,Gradual Drifts
2023-01-09 09:00:00,0.4543109978471231,0,0.0,
2023-01-09 10:00:00,0.3248474704541203,0,0.0,
2023-01-09 11:00:00,-1.7670009050992268,1,1.7848132351055028,Gradual Drifts
2023-01-09 12:00:00,-1.1568461488414998,0,0.0,
2023-01-09 13:00:00,-0.6938374361773139,0,0.0,
2023-01-09 14:00:00,0.7076067137375951,0,0.0,
2023-01-09 15:00:00,-0.74909742517599,0,0.0,
2023-01-09 16:00:00,-0.8992058242987591,0,0.0,
2023-01-09 17:00:00,0.5838278226278033,0,0.0,
2023-01-09 18:00:00,1.4246220495670847,0,0.0,
2023-01-09 19:00:00,-0.6012737594031589,0,0.0,
2023-01-09 20:00:00,-0.6023290149757998,0,0.0,
2023-01-09 21:00:00,-0.6716340729032735,0,0.0,
2023-01-09 22:00:00,-1.1411945486837958,0,0.0,
2023-01-09 23:00:00,-0.9708507724878089,0,0.0,
2023-01-10 00:00:00,-1.213821441951099,0,0.0,
2023-01-10 01:00:00,-0.4535117581190986,0,0.0,
2023-01-10 02:00:00,-0.520792833863435,0,0.0,
2023-01-10 03:00:00,-1.1943335377203976,0,0.0,
2023-01-10 04:00:00,0.7214022839948195,0,0.0,
2023-01-10 05:00:00,0.8499897555170218,0,0.0,
2023-01-10 06:00:00,-1.6260930685474744,1,1.6439053985537504,Gradual Drifts
2023-01-10 07:00:00,0.20486772489445415,0,0.0,
2023-01-10 08:00:00,1.5938110820468256,0,0.0,
2023-01-10 09:00:00,1.0781083739892179,0,0.0,
2023-01-10 10:00:00,1.4265773379032152,0,0.0,
2023-01-10 11:00:00,0.6512327419010268,0,0.0,
2023-01-10 12:00:00,1.5476997770834353,0,0.0,
2023-01-10 13:00:00,0.2924239861779917,0,0.0,
2023-01-10 14:00:00,1.12551115417077,0,0.0,
2023-01-10 15:00:00,0.374421007960122,0,0.0,
2023-01-10 16:00:00,0.29308687328132293,0,0.0,
2023-01-10 17:00:00,-0.2664566510419482,0,0.0,
2023-01-10 18:00:00,0.2416189295469732,0,0.0,
2023-01-10 19:00:00,-1.0944384116413588,0,0.0,
2023-01-10 20:00:00,0.7831154852338403,0,0.0,
2023-01-10 21:00:00,-0.2692572841478722,0,0.0,
2023-01-10 22:00:00,1.267689072208518,0,0.0,
2023-01-10 23:00:00,-0.3084318869591113,0,0.0,
2023-01-11 00:00:00,0.36121850893560703,0,0.0,
2023-01-11 01:00:00,1.0740635807733105,0,0.0,
2023-01-11 02:00:00,-0.30614508183206635,0,0.0,
2023-01-11 03:00:00,0.03413527933719923,0,0.0,
2023-01-11 04:00:00,0.6639975376410214,0,0.0,
2023-01-11 05:00:00,0.8049849709493935,0,0.0,
2023-01-11 06:00:00,1.057701046282131,0,0.0,
2023-01-11 07:00:00,1.812366147987982,0,0.0,
2023-01-11 08:00:00,0.5116631813893195,0,0.0,
2023-01-11 09:00:00,-0.6831565333549837,0,0.0,
2023-01-11 10:00:00,-0.23915730403135452,0,0.0,
2023-01-11 11:00:00,-0.0468227368285596,0,0.0,
2023-01-11 12:00:00,0.07427485550409038,0,0.0,
2023-01-11 13:00:00,-0.8676188891419205,0,0.0,
2023-01-11 14:00:00,-1.2394896178250479,0,0.0,
2023-01-11 15:00:00,-1.4742580266124934,0,0.0,
2023-01-11 16:00:00,-0.2763798344471434,0,0.0,
2023-01-11 17:00:00,-1.3374880259802908,0,0.0,
2023-01-11 18:00:00,-0.22100584550285166,0,0.0,
2023-01-11 19:00:00,-0.34363976587543266,0,0.0,
2023-01-11 20:00:00,-1.2857600314974096,0,0.0,
2023-01-11 21:00:00,-1.6632945238462007,1,1.6811068538524767,Gradual Drifts
2023-01-11 22:00:00,1.4066737327355827,0,0.0,
2023-01-11 23:00:00,-0.5557153072996636,0,0.0,
2023-01-12 00:00:00,0.5362687343063267,0,0.0,
2023-01-12 01:00:00,0.24731165835387012,0,0.0,
2023-01-12 02:00:00,-0.690861419613464,0,0.0,
2023-01-12 03:00:00,1.5636060157463894,0,0.0,
2023-01-12 04:00:00,-1.0420806358884984,0,0.0,
2023-01-12 05:00:00,-1.8923897017016187,1,1.9102020317078947,Gradual Drifts
2023-01-12 06:00:00,0.14241345997743546,0,0.0,
2023-01-12 07:00:00,-0.9760715741553121,0,0.0,
2023-01-12 08:00:00,1.5768459544821276,0,0.0,
2023-01-12 09:00:00,-2.491327646591083,1,2.5091399765973588,Gradual Drifts
2023-01-12 10:00:00,-1.1404840961856677,0,0.0,
2023-01-12 11:00:00,0.4643975918329324,0,0.0,
2023-01-12 12:00:00,-0.8406149327113579,0,0.0,
2023-01-12 13:00:00,1.0206016386685512,0,0.0,
2023-01-12 14:00:00,0.22277037597948285,0,0.0,
2023-01-12 15:00:00,1.1239477270817981,0,0.0,
2023-01-12 16:00:00,-0.697225386940862,0,0.0,
2023-01-12 17:00:00,-1.7207752270037082,1,1.7385875570099842,Gradual Drifts
2023-01-12 18:00:00,-0.5515756690942091,0,0.0,
2023-01-12 19:00:00,-0.036742147888648186,0,0.0,
2023-01-12 20:00:00,1.2216137681550603,0,0.0,
2023-01-12 21:00:00,-0.9678188724626903,0,0.0,
2023-01-12 22:00:00,-0.6523588482812904,0,0.0,
2023-01-12 23:00:00,-0.9388550106958633,0,0.0,
2023-01-13 00:00:00,0.37361820900905124,0,0.0,
2023-01-13 01:00:00,-0.16724137462639785,0,0.0,
2023-01-13 02:00:00,-1.1291755598481212,0,0.0,
2023-01-13 03:00:00,0.9648550312337907,0,0.0,
2023-01-13 04:00:00,-0.5342743377277356,0,0.0,
2023-01-13 05:00:00,2.711828423640382,1,2.694016093634106,Gradual Drifts
2023-01-13 06:00:00,-0.14361763596991856,0,0.0,
2023-01-13 07:00:00,1.2076913616622291,0,0.0,
2023-01-13 08:00:00,-0.03218795708126847,0,0.0,
2023-01-13 09:00:00,0.8337314611495948,0,0.0,
2023-01-13 10:00:00,-1.2037459370353722,0,0.0,
2023-01-13 11:00:00,-0.5906725119368921,0,0.0,
2023-01-13 12:00:00,-1.004089716933981,0,0.0,
2023-01-13 13:00:00,1.1260961562091447,0,0.0,
2023-01-13 14:00:00,0.6800294672880192,0,0.0,
2023-01-13 15:00:00,-0.12859709684938794,0,0.0,
2023-01-13 16:00:00,-0.6331455331344937,0,0.0,
2023-01-13 17:00:00,0.48541544492044436,0,0.0,
2023-01-13 18:00:00,0.20092608033678086,0,0.0,
2023-01-13 19:00:00,-0.4032549807383647,0,0.0,
2023-01-13 20:00:00,-0.2182616099815542,0,0.0,
2023-01-13 21:00:00,1.0374623589845307,0,0.0,
2023-01-13 22:00:00,1.173694368697064,0,0.0,
2023-01-13 23:00:00,-0.06905554891330248,0,0.0,
2023-01-14 00:00:00,-1.0860200009105052,0,0.0,
2023-01-14 01:00:00,-0.06846328106796218,0,0.0,
2023-01-14 02:00:00,0.15578717125444977,0,0.0,
2023-01-14 03:00:00,0.47611676566869204,0,0.0,
2023-01-14 04:00:00,-1.0097462606944385,0,0.0,
2023-01-14 05:00:00,-0.2975607712004803,0,0.0,
2023-01-14 06:00:00,-0.16079517903251395,0,0.0,
2023-01-14 07:00:00,1.071051381949859,0,0.0,
2023-01-14 08:00:00,-1.1512657008450224,0,0.0,
2023-01-14 09:00:00,-0.007047667549315568,0,0.0,
2023-01-14 10:00:00,1.5972540878577817,0,0.0,
2023-01-14 11:00:00,0.5040822975293958,0,0.0,
2023-01-14 12:00:00,-0.08658975122118721,0,0.0,
2023-01-14 13:00:00,0.5741935767990634,0,0.0,
2023-01-14 14:00:00,0.3512543826701507,0,0.0,
2023-01-14 15:00:00,1.827513215526751,1,1.809700885520475,Gradual Drifts
2023-01-14 16:00:00,0.5227083482718763,0,0.0,
2023-01-14 17:00:00,0.5319318987196278,0,0.0,
2023-01-14 18:00:00,0.017456113463440434,0,0.0,
2023-01-14 19:00:00,-0.019289446083269848,0,0.0,
2023-01-14 20:00:00,-0.4529897012706655,0,0.0,
2023-01-14 21:00:00,-2.5583533574764794,1,2.576165687482755,Gradual Drifts
2023-01-14 22:00:00,0.02971321737236166,0,0.0,
2023-01-14 23:00:00,-0.3344533090370333,0,0.0,
2023-01-15 00:00:00,1.1949115376511423,0,0.0,
2023-01-15 01:00:00,-0.8649607716827293,0,0.0,
2023-01-15 02:00:00,0.3080704535920632,0,0.0,
2023-01-15 03:00:00,-0.7548023271083807,0,0.0,
2023-01-15 04:00:00,1.3923048955154573,0,0.0,
2023-01-15 05:00:00,-0.10215298176290188,0,0.0,
2023-01-15 06:00:00,-0.09567651247446869,0,0.0,
2023-01-15 07:00:00,-0.5714664444337696,0,0.0,
2023-01-15 08:00:00,0.8028835864167649,0,0.0,
2023-01-15 09:00:00,0.3772496437455303,0,0.0,
2023-01-15 10:00:00,1.185754640289569,0,0.0,
2023-01-15 11:00:00,0.8007516724004358,0,0.0,
2023-01-15 12:00:00,-0.7369756871726063,0,0.0,
2023-01-15 13:00:00,-0.2939938572683672,0,0.0,
2023-01-15 14:00:00,-1.1883007958177116,0,0.0,
2023-01-15 15:00:00,0.7263738946633098,0,0.0,
2023-01-15 16:00:00,-0.1648281416267929,0,0.0,
2023-01-15 17:00:00,1.040763348747233,0,0.0,
2023-01-15 18:00:00,-1.1378126600826912,0,0.0,
2023-01-15 19:00:00,1.2511838576834122,0,0.0,
2023-01-15 20:00:00,1.587609718674267,0,0.0,
2023-01-15 21:00:00,1.1873486521855494,0,0.0,
2023-01-15 22:00:00,0.5853146308950472,0,0.0,
2023-01-15 23:00:00,-0.5177597870337327,0,0.0,
2023-01-16 00:00:00,1.06042228075166,0,0.0,
2023-01-16 01:00:00,-1.329241558754597,0,0.0,
2023-01-16 02:00:00,0.2946785077938129,0,0.0,
2023-01-16 03:00:00,-1.2681235679459701,0,0.0,
2023-01-16 04:00:00,-0.39984149129019536,0,0.0,
2023-01-16 05:00:00,-1.0681415146956164,0,0.0,
2023-01-16 06:00:00,-0.9628979380306435,0,0.0,
2023-01-16 07:00:00,-1.6108871669223024,1,1.6286994969285784,Gradual Drifts
2023-01-16 08:00:00,0.27494893633537815,0,0.0,
2023-01-16 09:00:00,1.6409857723257586,0,0.0,
2023-01-16 10:00:00,1.8297623463314285,1,1.8119500163251525,Gradual Drifts
2023-01-16 11:00:00,1.4270067286142392,0,0.0,
2023-01-16 12:00:00,1.112030324474025,0,0.0,
2023-01-16 13:00:00,-1.2907937998520893,0,0.0,
2023-01-16 14:00:00,-0.7218635678306354,0,0.0,
2023-01-16 15:00:00,-0.5750478416597745,0,0.0,
2023-01-16 16:00:00,0.40671661674167925,0,0.0,
2023-01-16 17:00:00,0.6470693858544878,0,0.0,
2023-01-16 18:00:00,0.18267038077530115,0,0.0,
2023-01-16 19:00:00,0.9475994694702684,0,0.0,
2023-01-16 20:00:00,0.240857367514977,0,0.0,
2023-01-16 21:00:00,-0.15127819329788214,0,0.0,
2023-01-16 22:00:00,-0.5025660536591565,0,0.0,
2023-01-16 23:00:00,0.3119513675736633,0,0.0,
2023-01-17 00:00:00,0.013697990303503322,0,0.0,
2023-01-17 01:00:00,0.6125895437722889,0,0.0,
2023-01-17 02:00:00,-0.4576640270885447,0,0.0,
2023-01-17 03:00:00,-1.6950172675863597,1,1.7128295975926358,Gradual Drifts
2023-01-17 04:00:00,-0.5969448306880905,0,0.0,
2023-01-17 05:00:00,-0.5771488313487013,0,0.0,
2023-01-17 06:00:00,0.6984824855438906,0,0.0,
2023-01-17 07:00:00,1.9233033281713219,1,1.9054909981650459,Gradual Drifts
2023-01-17 08:00:00,0.5717146443254584,0,0.0,
2023-01-17 09:00:00,0.6454043827552169,0,0.0,
2023-01-17 10:00:00,-1.0962837847178144,0,0.0,
2023-01-17 11:00:00,1.503830826147106,0,0.0,
2023-01-17 12:00:00,-1.0941681252533033,0,0.0,
2023-01-17 13:00:00,0.2412985975531518,0,0.0,
2023-01-17 14:00:00,-0.9829325117658659,0,0.0,
2023-01-17 15:00:00,-1.7589555011189275,1,1.7767678311252035,Gradual Drifts
2023-01-17 16:00:00,0.2553490948804995,0,0.0,
2023-01-17 17:00:00,-1.6522336294563709,1,1.670045959462647,Gradual Drifts
2023-01-17 18:00:00,-0.6729583538852331,0,0.0,
2023-01-17 19:00:00,-0.8363528445191295,0,0.0,
2023-01-17 20:00:00,0.029166095642209684,0,0.0,
2023-01-17 21:00:00,-0.13517716659353946,0,0.0,
2023-01-17 22:00:00,1.9167617272386175,1,1.8989493972323415,Gradual Drifts
2023-01-17 23:00:00,2.0096294354621627,1,1.9918171054558866,Gradual Drifts
2023-01-18 00:00:00,0.6669831907214187,0,0.0,
2023-01-18 01:00:00,-1.9744672413947386,1,1.9922795714010146,Gradual Drifts
2023-01-18 02:00:00,1.6447436471523527,0,0.0,
2023-01-18 03:00:00,-0.7782711623387902,0,0.0,
2023-01-18 04:00:00,-0.6882735705190777,0,0.0,
2023-01-18 05:00:00,0.1258445955302196,0,0.0,
2023-01-18 06:00:00,0.31137270458249666,0,0.0,
2023-01-18 07:00:00,-1.1574922034197248,0,0.0,
2023-01-18 08:00:00,-0.3255455868130397,0,0.0,
2023-01-18 09:00:00,0.16510063675725142,0,0.0,
2023-01-18 10:00:00,2.2037146666844034,1,2.1859023366781276,Gradual Drifts
2023-01-18 11:00:00,-0.7331976611769254,0,0.0,
2023-01-18 12:00:00,0.9125979948501252,0,0.0,
2023-01-18 13:00:00,-1.196057604791529,0,0.0,
2023-01-18 14:00:00,0.08820610684016127,0,0.0,
2023-01-18 15:00:00,0.4668982401954702,0,0.0,
2023-01-18 16:00:00,-0.6917898319902707,0,0.0,
2023-01-18 17:00:00,-0.6557099144501484,0,0.0,
2023-01-18 18:00:00,1.078571148716961,0,0.0,
2023-01-18 19:00:00,-0.39878238225895213,0,0.0,
2023-01-18 20:00:00,0.24226256546227376,0,0.0,
2023-01-18 21:00:00,1.2747366236669198,0,0.0,
2023-01-18 22:00:00,-0.23299742282747582,0,0.0,
2023-01-18 23:00:00,-0.40410105721334294,0,0.0,
2023-01-19 00:00:00,1.7956911919924898,0,0.0,
2023-01-19 01:00:00,-0.6714875310635109,0,0.0,
2023-01-19 02:00:00,1.163061701386334,0,0.0,
2023-01-19 03:00:00,-0.7468322337040337,0,0.0,
2023-01-19 04:00:00,0.8811482365972391,0,0.0,
2023-01-19 05:00:00,1.8672441378798816,1,1.8494318078736056,Gradual Drifts
2023-01-19 06:00:00,2.056059965542491,1,2.0382476355362154,Gradual Drifts
2023-01-19 07:00:00,-0.6228680826187579,0,0.0,
2023-01-19 08:00:00,0.6508143831524613,0,0.0,
2023-01-19 09:00:00,-0.29790643377358594,0,0.0,
2023-01-19 10:00:00,0.5159371398499784,0,0.0,
2023-01-19 11:00:00,-1.6183168051268024,1,1.6361291351330784,Gradual Drifts
2023-01-19 12:00:00,-0.3223869919381442,0,0.0,
2023-01-19 13:00:00,-0.08220230441718149,0,0.0,
2023-01-19 14:00:00,0.4176102318216237,0,0.0,
2023-01-19 15:00:00,0.5935651561575057,0,0.0,
2023-01-19 16:00:00,-0.40146733417461794,0,0.0,
2023-01-19 17:00:00,1.3227652415723454,0,0.0,
2023-01-19 18:00:00,-1.0218592002970992,0,0.0,
2023-01-19 19:00:00,-0.7419199415412929,0,0.0,
2023-01-19 20:00:00,1.651905813898145,0,0.0,
2023-01-19 21:00:00,-1.997504941457064,1,2.01531727146334,Gradual Drifts
2023-01-19 22:00:00,-1.4871219292106843,0,0.0,
2023-01-19 23:00:00,-1.0403936027261116,0,0.0,
2023-01-20 00:00:00,0.13602691062955213,0,0.0,
2023-01-20 01:00:00,0.2747890950353298,0,0.0,
2023-01-20 02:00:00,1.1860788914048706,0,0.0,
2023-01-20 03:00:00,-1.4480909795624795,0,0.0,
2023-01-20 04:00:00,-0.17421336513450006,0,0.0,
2023-01-20 05:00:00,0.39055626664378024,0,0.0,
2023-01-20 06:00:00,-0.5448387355212729,0,0.0,
2023-01-20 07:00:00,-0.6523679349244388,0,0.0,
2023-01-20 08:00:00,-1.3859757182576176,0,0.0,
2023-01-20 09:00:00,1.1353100619111758,0,0.0,
2023-01-20 10:00:00,1.1747775625996304,0,0.0,
2023-01-20 11:00:00,0.22943017786431738,0,0.0,
2023-01-20 12:00:00,-0.13173135328505095,0,0.0,
2023-01-20 13:00:00,2.2295586935138734,1,2.2117463635075976,Gradual Drifts
2023-01-20 14:00:00,1.496966307575584,0,0.0,
2023-01-20 15:00:00,-0.7064020993559139,0,0.0,
2023-01-20 16:00:00,0.9835237619022564,0,0.0,
2023-01-20 17:00:00,-2.1752027367645694,1,2.1930150667708452,Gradual Drifts
2023-01-20 18:00:00,-0.7788129029850603,0,0.0,
2023-01-20 19:00:00,-0.8230160101175361,0,0.0,
2023-01-20 20:00:00,-0.5538890267657772,0,0.0,
2023-01-20 21:00:00,1.8633925576419499,1,1.8455802276356739,Gradual Drifts
2023-01-20 22:00:00,-0.8749967499451063,0,0.0,
2023-01-20 23:00:00,0.3186641774087804,0,0.0,
2023-01-21 00:00:00,0.05247633066689559,0,0.0,
2023-01-21 01:00:00,-0.6844850154772881,0,0.0,
2023-01-21 02:00:00,-0.8623552053376092,0,0.0,
2023-01-21 03:00:00,-1.5085698787195683,0,0.0,
2023-01-21 04:00:00,1.1756126673880265,0,0.0,
2023-01-21 05:00:00,0.3587973048245585,0,0.0,
2023-01-21 06:00:00,-0.12655845990782655,0,0.0,
2023-01-21 07:00:00,-0.5978152919776374,0,0.0,
2023-01-21 08:00:00,-0.7896064087602508,0,0.0,
2023-01-21 09:00:00,-1.0459508522253842,0,0.0,
2023-01-21 10:00:00,-0.6567760316194737,0,0.0,
2023-01-21 11:00:00,1.2800365967235645,0,0.0,
2023-01-21 12:00:00,-0.21445588536136176,0,0.0,
2023-01-21 13:00:00,0.8992812575401352,0,0.0,
2023-01-21 14:00:00,-1.1406785877871999,0,0.0,
2023-01-21 15:00:00,-0.09162797210713912,0,0.0,
2023-01-21 16:00:00,-2.4593387290533912,1,2.477151059059667,Gradual Drifts
2023-01-21 17:00:00,-1.7915368083863994,1,1.8093491383926754,Gradual Drifts
2023-01-21 18:00:00,-0.020441441691241978,0,0.0,
2023-01-21 19:00:00,-1.024513113206603,0,0.0,
2023-01-21 20:00:00,-0.7250965968546861,0,0.0,
2023-01-21 21:00:00,1.6826145010095228,0,0.0,
2023-01-21 22:00:00,-1.8686102203981805,1,1.8864225504044565,Gradual Drifts
2023-01-21 23:00:00,1.2462219082082404,0,0.0,
2023-01-22 00:00:00,0.9239330599852646,0,0.0,
2023-01-22 01:00:00,1.3922109617997747,0,0.0,
2023-01-22 02:00:00,0.9664106851106735,0,0.0,
2023-01-22 03:00:00,-1.4609355715868957,0,0.0,
2023-01-22 04:00:00,0.709366032330785,0,0.0,
2023-01-22 05:00:00,2.2486473427513505,1,2.2308350127450747,Gradual Drifts
2023-01-22 06:00:00,0.8471364796906604,0,0.0,
2023-01-22 07:00:00,1.4346944079626422,0,0.0,
2023-01-22 08:00:00,-0.4451251888828228,0,0.0,
2023-01-22 09:00:00,0.2811043172633281,0,0.0,
2023-01-22 10:00:00,1.1058569337676716,0,0.0,
2023-01-22 11:00:00,0.5861317529570307,0,0.0,
2023-01-22 12:00:00,1.6256147734724347,0,0.0,
2023-01-22 13:00:00,-0.5205067981006816,0,0.0,
2023-01-22 14:00:00,0.6190325439600349,0,0.0,
2023-01-22 15:00:00,-0.1836401170027139,0,0.0,
2023-01-22 16:00:00,0.7216819051888599,0,0.0,
2023-01-22 17:00:00,0.7925742570278049,0,0.0,
2023-01-22 18:00:00,-0.5003755146380506,0,0.0,
2023-01-22 19:00:00,-1.7576886657463884,1,1.7755009957526644,Gradual Drifts
2023-01-22 20:00:00,0.4336979243815709,0,0.0,
2023-01-22 21:00:00,1.6644526135662023,0,0.0,
2023-01-22 22:00:00,-0.7231849909187097,0,0.0,
2023-01-22 23:00:00,0.3893828971989997,0,0.0,
2023-01-23 00:00:00,0.6338091188468586,0,0.0,
2023-01-23 01:00:00,0.06955842038609512,0,0.0,
2023-01-23 02:00:00,1.1693233652974009,0,0.0,
2023-01-23 03:00:00,1.9257927744158476,1,1.9079804444095716,Gradual Drifts
2023-01-23 04:00:00,-0.5678647930357363,0,0.0,
2023-01-23 05:00:00,-0.2730511254678935,0,0.0,
2023-01-23 06:00:00,-0.26977341003789757,0,0.0,
2023-01-23 07:00:00,0.2949587970333285,0,0.0,
2023-01-23 08:00:00,-0.805005136046012,0,0.0,
2023-01-23 09:00:00,-1.3146515432009485,0,0.0,
2023-01-23 10:00:00,0.15157247221714734,0,0.0,
2023-01-23 11:00:00,-1.345227502436036,0,0.0,
2023-01-23 12:00:00,0.0011506470986008361,0,0.0,
2023-01-23 13:00:00,1.0473996625802127,0,0.0,
2023-01-23 14:00:00,1.3080956485903794,0,0.0,
2023-01-23 15:00:00,-0.4333212693219762,0,0.0,
2023-01-23 16:00:00,0.13922138472265908,0,0.0,
2023-01-23 17:00:00,0.059484690376420825,0,0.0,
2023-01-23 18:00:00,1.069975531751528,0,0.0,
2023-01-23 19:00:00,-0.8234466603432544,0,0.0,
2023-01-23 20:00:00,-1.7321036339496365,1,1.7499159639559125,Gradual Drifts
2023-01-23 21:00:00,0.5013105314591382,0,0.0,
2023-01-23 22:00:00,-0.7455577673940341,0,0.0,
2023-01-23 23:00:00,-0.9099571734094689,0,0.0,
2023-01-24 00:00:00,-0.48840759970536485,0,0.0,
2023-01-24 01:00:00,-0.3085427393875847,0,0.0,
2023-01-24 02:00:00,1.4487679174012242,0,0.0,
2023-01-24 03:00:00,0.7769490080969994,0,0.0,
2023-01-24 04:00:00,0.9878135058530892,0,0.0,
2023-01-24 05:00:00,1.9480051616850955,1,1.9301928316788195,Gradual Drifts
2023-01-24 06:00:00,-0.6634449078784181,0,0.0,
2023-01-24 07:00:00,-1.7307053627574054,1,1.7485176927636814,Gradual Drifts
2023-01-24 08:00:00,-0.8890547774095111,0,0.0,
2023-01-24 09:00:00,0.2575297092814933,0,0.0,
2023-01-24 10:00:00,-0.7906978145253063,0,0.0,
2023-01-24 11:00:00,1.3692497914130035,0,0.0,
2023-01-24 12:00:00,0.2593703387936596,0,0.0,
2023-01-24 13:00:00,0.7207724122995134,0,0.0,
2023-01-24 14:00:00,-0.09668252237005528,0,0.0,
2023-01-24 15:00:00,-1.0101636881909086,0,0.0,
2023-01-24 16:00:00,0.028578556942949494,0,0.0,
2023-01-24 17:00:00,-0.9621698851771513,0,0.0,
2023-01-24 18:00:00,1.16891810883725,0,0.0,
2023-01-24 19:00:00,-1.4041785314423587,0,0.0,
2023-01-24 20:00:00,-1.580924423466237,1,1.598736753472513,Gradual Drifts
2023-01-24 21:00:00,-0.29540095987185727,0,0.0,
2023-01-24 22:00:00,-0.18435330800163272,0,0.0,
2023-01-24 23:00:00,-1.1949887452829182,0,0.0,
2023-01-25 00:00:00,-1.3767195344392367,0,0.0,
2023-01-25 01:00:00,-1.139759676864716,0,0.0,
2023-01-25 02:00:00,0.5568521568257143,0,0.0,
2023-01-25 03:00:00,-0.6385123753855058,0,0.0,
2023-01-25 04:00:00,-1.2877090959816027,0,0.0,
2023-01-25 05:00:00,0.32498455484568717,0,0.0,
2023-01-25 06:00:00,0.5522509123501401,0,0.0,
2023-01-25 07:00:00,0.8699972319709964,0,0.0,
2023-01-25 08:00:00,0.1877114301184675,0,0.0,
2023-01-25 09:00:00,1.2885974631819568,0,0.0,
2023-01-25 10:00:00,1.2497869264215118,0,0.0,
2023-01-25 11:00:00,-0.3880552965485923,0,0.0,
2023-01-25 12:00:00,-2.1193813472361382,1,2.137193677242414,Gradual Drifts
2023-01-25 13:00:00,0.30626611775252627,0,0.0,
2023-01-25 14:00:00,-0.7253356348021637,0,0.0,
2023-01-25 15:00:00,0.5852073535253332,0,0.0,
2023-01-25 16:00:00,-1.571800913758936,1,1.589613243765212,Gradual Drifts
2023-01-25 17:00:00,-0.6595988435780172,0,0.0,
2023-01-25 18:00:00,-1.3402110213806309,0,0.0,
2023-01-25 19:00:00,-0.20224057529005962,0,0.0,
2023-01-25 20:00:00,0.47356701686687175,0,0.0,
2023-01-25 21:00:00,0.886939301847341,0,0.0,
2023-01-25 22:00:00,0.5271598818082814,0,0.0,
2023-01-25 23:00:00,-0.6845918149967801,0,0.0,
2023-01-26 00:00:00,0.9841758216366052,0,0.0,
2023-01-26 01:00:00,-0.3248478671464659,0,0.0,
2023-01-26 02:00:00,-0.3316854235135846,0,0.0,
2023-01-26 03:00:00,-1.4623047204223407,0,0.0,
2023-01-26 04:00:00,-2.2193187954573768,1,2.2371311254636526,Gradual Drifts
2023-01-26 05:00:00,-1.2855715033021158,0,0.0,
2023-01-26 06:00:00,0.3698509941785606,0,0.0,
2023-01-26 07:00:00,1.1899334805032344,0,0.0,
2023-01-26 08:00:00,-0.35706275932329795,0,0.0,
2023-01-26 09:00:00,0.08690400935751573,0,0.0,
2023-01-26 10:00:00,-0.18547356563075165,0,0.0,
2023-01-26 11:00:00,0.04894115068460105,0,0.0,
2023-01-26 12:00:00,-1.1717222704155592,0,0.0,
2023-01-26 13:00:00,1.2340261948209408,0,0.0,
2023-01-26 14:00:00,-0.40648609787486495,0,0.0,
2023-01-26 15:00:00,-0.2637851731901929,0,0.0,
2023-01-26 16:00:00,-0.5383313112661403,0,0.0,
2023-01-26 17:00:00,-0.10167154635583145,0,0.0,
2023-01-26 18:00:00,-1.700092806434949,1,1.717905136441225,Gradual Drifts
2023-01-26 19:00:00,1.1053838204363948,0,0.0,
2023-01-26 20:00:00,-0.06189410147989924,0,0.0,
2023-01-26 21:00:00,2.0621180561666987,1,2.044305726160423,Gradual Drifts
2023-01-26 22:00:00,0.3252557342165609,0,0.0,
2023-01-26 23:00:00,1.6980087181787549,0,0.0,
2023-01-27 00:00:00,1.58646265065582,0,0.0,
2023-01-27 01:00:00,-0.09795492588855224,0,0.0,
2023-01-27 02:00:00,-1.0922265676008025,0,0.0,
2023-01-27 03:00:00,-0.16357540356107697,0,0.0,
2023-01-27 04:00:00,0.7938331924641904,0,0.0,
2023-01-27 05:00:00,-0.057152507285715644,0,0.0,
2023-01-27 06:00:00,-0.7984168553984093,0,0.0,
2023-01-27 07:00:00,-0.2697777525078375,0,0.0,
2023-01-27 08:00:00,-1.146312143508309,0,0.0,
2023-01-27 09:00:00,-1.542794988562509,1,1.560607318568785,Gradual Drifts
2023-01-27 10:00:00,1.5045192123053688,0,0.0,
2023-01-27 11:00:00,0.537379801874316,0,0.0,
2023-01-27 12:00:00,-0.4439537959128865,0,0.0,
2023-01-27 13:00:00,-0.0017122240359793708,0,0.0,
2023-01-27 14:00:00,0.4832561680161062,0,0.0,
2023-01-27 15:00:00,0.10934977033924861,0,0.0,
2023-01-27 16:00:00,1.4332404945783515,0,0.0,
2023-01-27 17:00:00,1.6018873441226635,0,0.0,
2023-01-27 18:00:00,-0.08634816609254062,0,0.0,
2023-01-27 19:00:00,1.3402175077990184,0,0.0,
2023-01-27 20:00:00,-1.3509908955640633,0,0.0,
2023-01-27 21:00:00,1.8181945519674203,0,0.0,
2023-01-27 22:00:00,-1.786658182123775,1,1.804470512130051,Gradual Drifts
2023-01-27 23:00:00,0.3834033171439195,0,0.0,
2023-01-28 00:00:00,0.7735944178361333,0,0.0,
2023-01-28 01:00:00,0.10919696188560482,0,0.0,
2023-01-28 02:00:00,-0.7036919389863244,0,0.0,
2023-01-28 03:00:00,-0.3804540852758582,0,0.0,
2023-01-28 04:00:00,1.766241861055388,0,0.0,
2023-01-28 05:00:00,-0.42652446055021453,0,0.0,
2023-01-28 06:00:00,0.9128693019348768,0,0.0,
2023-01-28 07:00:00,-0.913538993145144,0,0.0,
2023-01-28 08:00:00,0.3541741677088493,0,0.0,
2023-01-28 09:00:00,-0.291127270872629,0,0.0,
2023-01-28 10:00:00,0.8679541392550231,0,0.0,
2023-01-28 11:00:00,1.0288331154002484,0,0.0,
2023-01-28 12:00:00,2.60032795282176,1,2.5825156228154844,Gradual Drifts
2023-01-28 13:00:00,-0.7167076004478805,0,0.0,
2023-01-28 14:00:00,0.24020478751427612,0,0.0,
2023-01-28 15:00:00,-1.5055832167023377,0,0.0,
2023-01-28 16:00:00,-1.1258671813582053,0,0.0,
2023-01-28 17:00:00,0.2239452326776498,0,0.0,
2023-01-28 18:00:00,-1.332163821268145,0,0.0,
2023-01-28 19:00:00,-1.3768018486971811,0,0.0,
2023-01-28 20:00:00,-1.312331560117205,0,0.0,
2023-01-28 21:00:00,-0.27785527238573676,0,0.0,
2023-01-28 22:00:00,0.02275379345951506,0,0.0,
2023-01-28 23:00:00,0.9461904085307178,0,0.0,
2023-01-29 00:00:00,0.35487064183049416,0,0.0,
2023-01-29 01:00:00,0.3835897386523204,0,0.0,
2023-01-29 02:00:00,0.4135236237110152,0,0.0,
2023-01-29 03:00:00,0.1675741998070694,0,0.0,
2023-01-29 04:00:00,-0.8045777079611764,0,0.0,
2023-01-29 05:00:00,-2.4437076494618983,1,2.461519979468174,Gradual Drifts
2023-01-29 06:00:00,-0.061498648103682246,0,0.0,
2023-01-29 07:00:00,-0.7719595116751419,0,0.0,
2023-01-29 08:00:00,0.6399162721467216,0,0.0,
2023-01-29 09:00:00,0.360415638290968,0,0.0,
2023-01-29 10:00:00,0.26048687586595065,0,0.0,
2023-01-29 11:00:00,-2.0839877408697713,1,2.101800070876047,Gradual Drifts
2023-01-29 12:00:00,0.1759497148939556,0,0.0,
2023-01-29 13:00:00,0.2369895958942631,0,0.0,
2023-01-29 14:00:00,1.4107835463145617,0,0.0,
2023-01-29 15:00:00,-0.08857579245425459,0,0.0,
2023-01-29 16:00:00,-0.9920977923719498,0,0.0,
2023-01-29 17:00:00,0.5600292011478624,0,0.0,
2023-01-29 18:00:00,1.073504601292462,0,0.0,
2023-01-29 19:00:00,1.4914745910599136,0,0.0,
2023-01-29 20:00:00,1.8425168004337298,0,0.0,
2023-01-29 21:00:00,-1.597312980073422,0,0.0,
2023-01-29 22:00:00,1.0374860522772205,0,0.0,
2023-01-29 23:00:00,-2.1542436272699823,1,2.172055957276258,Gradual Drifts
2023-01-30 00:00:00,-0.4820974781143671,0,0.0,
2023-01-30 01:00:00,-0.2652567176448631,0,0.0,
2023-01-30 02:00:00,0.6082972142080871,0,0.0,
2023-01-30 03:00:00,-0.3292248620351719,0,0.0,
2023-01-30 04:00:00,-1.032340842060074,0,0.0,
2023-01-30 05:00:00,0.44397468601867285,0,0.0,
2023-01-30 06:00:00,-1.8206385419137119,1,1.838450871919988,Gradual Drifts
2023-01-30 07:00:00,-0.3306541049676701,0,0.0,
2023-01-30 08:00:00,-0.9308013616867351,0,0.0,
2023-01-30 09:00:00,1.7557066854744245,0,0.0,
2023-01-30 10:00:00,-0.1511255364614167,0,0.0,
2023-01-30 11:00:00,1.4676328869247781,0,0.0,
2023-01-30 12:00:00,-0.5405745041011548,0,0.0,
2023-01-30 13:00:00,-0.9677605522192166,0,0.0,
2023-01-30 14:00:00,1.5352085543749423,0,0.0,
2023-01-30 15:00:00,-1.1179986007585487,0,0.0,
2023-01-30 16:00:00,-0.7475722553052817,0,0.0,
2023-01-30 17:00:00,-0.3104366526655733,0,0.0,
2023-01-30 18:00:00,-0.2946502136257659,0,0.0,
2023-01-30 19:00:00,0.5783377094434939,0,0.0,
2023-01-30 20:00:00,-0.5773443907371274,0,0.0,
2023-01-30 21:00:00,-1.078033599139043,0,0.0,
2023-01-30 22:00:00,0.6732186917906835,0,0.0,
2023-01-30 23:00:00,0.5917284687220329,0,0.0,
2023-01-31 00:00:00,-1.159503104768907,0,0.0,
2023-01-31 01:00:00,-1.0122261461629318,0,0.0,
2023-01-31 02:00:00,-0.12789469707088505,0,0.0,
2023-01-31 03:00:00,0.6915841596301614,0,0.0,
2023-01-31 04:00:00,-1.0040163758865668,0,0.0,
2023-01-31 05:00:00,1.439151776742182,0,0.0,
2023-01-31 06:00:00,-0.03790334342869921,0,0.0,
2023-01-31 07:00:00,0.888120100973304,0,0.0,
2023-01-31 08:00:00,1.4922305126243784,0,0.0,
2023-01-31 09:00:00,-1.3347016945775418,0,0.0,
2023-01-31 10:00:00,-0.2708050001095276,0,0.0,
2023-01-31 11:00:00,-1.3303129673905036,0,0.0,
2023-01-31 12:00:00,-0.435655200032462,0,0.0,
2023-01-31 13:00:00,-0.5525712125708333,0,0.0,
2023-01-31 14:00:00,0.7549211279364844,0,0.0,
2023-01-31 15:00:00,-0.47030082214636465,0,0.0,
2023-01-31 16:00:00,0.2674522383849603,0,0.0,
2023-01-31 17:00:00,0.05441386567639404,0,0.0,
2023-01-31 18:00:00,-0.43111196827008635,0,0.0,
2023-01-31 19:00:00,0.35463903335954455,0,0.0,
2023-01-31 20:00:00,-0.33659321081032073,0,0.0,
2023-01-31 21:00:00,-1.136249849228999,0,0.0,
2023-01-31 22:00:00,0.6712969334644145,0,0.0,
2023-01-31 23:00:00,-1.3056011722232204,0,0.0,
2023-02-01 00:00:00,0.05461016139339791,0,0.0,
2023-02-01 01:00:00,-1.7625259834484208,1,1.7803383134546968,Gradual Drifts
2023-02-01 02:00:00,0.5769547129473896,0,0.0,
2023-02-01 03:00:00,-0.5565073877708944,0,0.0,
2023-02-01 04:00:00,-0.8534410910546234,0,0.0,
2023-02-01 05:00:00,-0.7804252822356098,0,0.0,
2023-02-01 06:00:00,-0.980211202523326,0,0.0,
2023-02-01 07:00:00,0.6843233643067116,0,0.0,
2023-02-01 08:00:00,2.1331926950665747,1,2.115380365060299,Gradual Drifts
2023-02-01 09:00:00,-0.20991804045066906,0,0.0,
2023-02-01 10:00:00,1.7626388264823925,0,0.0,
2023-02-01 11:00:00,-2.7490340486556515,1,2.7668463786619273,Gradual Drifts
2023-02-01 12:00:00,-0.7189045871544677,0,0.0,
2023-02-01 13:00:00,0.028212179634497875,0,0.0,
2023-02-01 14:00:00,0.4584786228528227,0,0.0,
2023-02-01 15:00:00,1.9792959721269299,1,1.9614836421206538,Gradual Drifts
2023-02-01 16:00:00,-1.0247687587939553,0,0.0,
2023-02-01 17:00:00,0.9442208799765641,0,0.0,
2023-02-01 18:00:00,-0.23387494428972236,0,0.0,
2023-02-01 19:00:00,0.2616425263587196,0,0.0,
2023-02-01 20:00:00,-0.6555786419154843,0,0.0,
2023-02-01 21:00:00,-0.9302994193760613,0,0.0,
2023-02-01 22:00:00,1.1659539875717317,0,0.0,
2023-02-01 23:00:00,-1.3061761441440702,0,0.0,
2023-02-02 00:00:00,0.5241942058737021,0,0.0,
2023-02-02 01:00:00,1.9619104007231356,1,1.9440980707168596,Gradual Drifts
2023-02-02 02:00:00,-0.39521453911041987,0,0.0,
2023-02-02 03:00:00,-1.0330973571429598,0,0.0,
2023-02-02 04:00:00,0.35668651530562784,0,0.0,
2023-02-02 05:00:00,-1.4088759111331695,0,0.0,
2023-02-02 06:00:00,-0.42125807360825307,0,0.0,
2023-02-02 07:00:00,1.9340978323090883,1,1.9162855023028122,Gradual Drifts
2023-02-02 08:00:00,0.7507065610967149,0,0.0,
2023-02-02 09:00:00,1.8435219481471823,1,1.8257096181409063,Gradual Drifts
2023-02-02 10:00:00,0.04155814225349244,0,0.0,
2023-02-02 11:00:00,0.6549376589751615,0,0.0,
2023-02-02 12:00:00,-1.6527881003707012,1,1.6706004303769773,Gradual Drifts
2023-02-02 13:00:00,-0.32226295535510624,0,0.0,
2023-02-02 14:00:00,-0.30650527886936274,0,0.0,
2023-02-02 15:00:00,1.213758398256456,0,0.0,
2023-02-02 16:00:00,2.2047201815978554,1,2.1869078515915796,Gradual Drifts
2023-02-02 17:00:00,-0.9913851093635365,0,0.0,
2023-02-02 18:00:00,-0.10977579197166737,0,0.0,
2023-02-02 19:00:00,0.8768602867996707,0,0.0,
2023-02-02 20:00:00,-1.8009340731145158,1,1.8187464031207918,Gradual Drifts
2023-02-02 21:00:00,1.3021284714485715,0,0.0,
2023-02-02 22:00:00,0.3576432702430064,0,0.0,
2023-02-02 23:00:00,-1.0922054296765245,0,0.0,
2023-02-03 00:00:00,2.055829454597738,1,2.038017124591462,Gradual Drifts
2023-02-03 01:00:00,1.1694500121432334,0,0.0,
2023-02-03 02:00:00,-0.15275512056714577,0,0.0,
2023-02-03 03:00:00,0.3896768099412105,0,0.0,
2023-02-03 04:00:00,1.0988871255286745,0,0.0,
2023-02-03 05:00:00,-0.28820011876759616,0,0.0,
2023-02-03 06:00:00,1.1466123039432528,0,0.0,
2023-02-03 07:00:00,1.6827793937451794,0,0.0,
2023-02-03 08:00:00,-1.9999524479643678,1,2.0177647779706436,Gradual Drifts
2023-02-03 09:00:00,-1.5207051980727744,1,1.5385175280790504,Gradual Drifts
2023-02-03 10:00:00,-1.8441208406289213,1,1.8619331706351974,Gradual Drifts
2023-02-03 11:00:00,-0.7467367106081892,0,0.0,
2023-02-03 12:00:00,-0.31271015641001926,0,0.0,
2023-02-03 13:00:00,1.0178531233619406,0,0.0,
2023-02-03 14:00:00,1.0506583353464485,0,0.0,
2023-02-03 15:00:00,1.1750098126639998,0,0.0,
2023-02-03 16:00:00,-0.4484392278200455,0,0.0,
2023-02-03 17:00:00,-0.4482593560215765,0,0.0,
2023-02-03 18:00:00,0.2989543974807257,0,0.0,
2023-02-03 19:00:00,0.9916019986891217,0,0.0,
2023-02-03 20:00:00,1.619789008877931,0,0.0,
2023-02-03 21:00:00,0.9766934628766551,0,0.0,
2023-02-03 22:00:00,0.07045813917912867,0,0.0,
2023-02-03 23:00:00,-0.9165559587689969,0,0.0,
2023-02-04 00:00:00,-1.4405188449009332,0,0.0,
2023-02-04 01:00:00,-0.003333780629716045,0,0.0,
2023-02-04 02:00:00,0.6237716143373871,0,0.0,
2023-02-04 03:00:00,0.7293036129722619,0,0.0,
2023-02-04 04:00:00,0.2869836993148137,0,0.0,
2023-02-04 05:00:00,0.1299930979889996,0,0.0,
2023-02-04 06:00:00,0.3227139197407824,0,0.0,
2023-02-04 07:00:00,-0.7475787443206304,0,0.0,
2023-02-04 08:00:00,0.021144153823366672,0,0.0,
2023-02-04 09:00:00,-0.5336757227499354,0,0.0,
2023-02-04 10:00:00,-0.30076826959298775,0,0.0,
2023-02-04 11:00:00,-0.06713799263078693,0,0.0,
2023-02-04 12:00:00,-1.2068343859868997,0,0.0,
2023-02-04 13:00:00,0.416029228941847,0,0.0,
2023-02-04 14:00:00,0.8487361685474553,0,0.0,
2023-02-04 15:00:00,0.6765694481740075,0,0.0,
2023-02-04 16:00:00,1.221386557613977,0,0.0,
2023-02-04 17:00:00,2.147470875839376,1,2.1296585458331,Gradual Drifts
2023-02-04 18:00:00,-0.15443619584007162,0,0.0,
2023-02-04 19:00:00,0.059155123641775484,0,0.0,
2023-02-04 20:00:00,-0.7134699389137644,0,0.0,
2023-02-04 21:00:00,-0.9840154424499827,0,0.0,
2023-02-04 22:00:00,0.45723085319711315,0,0.0,
2023-02-04 23:00:00,-0.5800539907734552,0,0.0,
2023-02-05 00:00:00,-0.2073398013859827,0,0.0,
2023-02-05 01:00:00,1.121941467172104,0,0.0,
2023-02-05 02:00:00,-1.7960458770112009,1,1.813858207017477,Gradual Drifts
2023-02-05 03:00:00,-0.5152767952101791,0,0.0,
2023-02-05 04:00:00,1.3321176650329996,0,0.0,
2023-02-05 05:00:00,0.4922931996356498,0,0.0,
2023-02-05 06:00:00,-1.9788484883203108,1,1.9966608183265868,Gradual Drifts
2023-02-05 07:00:00,2.60849668758991,1,2.5906843575836342,Gradual Drifts
2023-02-05 08:00:00,1.3122958577289814,0,0.0,
2023-02-05 09:00:00,-0.32130655553333815,0,0.0,
2023-02-05 10:00:00,1.1352037699927244,0,0.0,
2023-02-05 11:00:00,-0.1498285540818265,0,0.0,
2023-02-05 12:00:00,1.6121365214785848,0,0.0,
2023-02-05 13:00:00,-0.46479319232343513,0,0.0,
2023-02-05 14:00:00,1.0810861169196628,0,0.0,
2023-02-05 15:00:00,0.8235203543210002,0,0.0,
2023-02-05 16:00:00,0.5210532593756407,0,0.0,
2023-02-05 17:00:00,1.5603079742774042,0,0.0,
2023-02-05 18:00:00,0.4854182417114268,0,0.0,
2023-02-05 19:00:00,-0.8892936957386445,0,0.0,
2023-02-05 20:00:00,0.46663433368781126,0,0.0,
2023-02-05 21:00:00,0.19586641774696972,0,0.0,
2023-02-05 22:00:00,-0.7119202188963589,0,0.0,
2023-02-05 23:00:00,-0.31476676665311265,0,0.0,
2023-02-06 00:00:00,-0.2997971067375924,0,0.0,
2023-02-06 01:00:00,-1.0496235933924563,0,0.0,
2023-02-06 02:00:00,-0.7544502227348621,0,0.0,
2023-02-06 03:00:00,-0.11014578825156503,0,0.0,
2023-02-06 04:00:00,-0.8780399791956165,0,0.0,
2023-02-06 05:00:00,-1.4268404377202817,0,0.0,
2023-02-06 06:00:00,2.308311707626509,1,2.2904993776202334,Gradual Drifts
2023-02-06 07:00:00,1.006135012939228,0,0.0,
2023-02-06 08:00:00,-0.6288476044835019,0,0.0,
2023-02-06 09:00:00,-0.74575265980127,0,0.0,
2023-02-06 10:00:00,0.5621049128833752,0,0.0,
2023-02-06 11:00:00,0.6853761647303963,0,0.0,
2023-02-06 12:00:00,-1.4184317794805574,0,0.0,
2023-02-06 13:00:00,1.70062714612474,0,0.0,
2023-02-06 14:00:00,-0.17866145633433234,0,0.0,
2023-02-06 15:00:00,-0.4051190931794436,0,0.0,
2023-02-06 16:00:00,1.3601862281078454,0,0.0,
2023-02-06 17:00:00,0.2009328794861366,0,0.0,
2023-02-06 18:00:00,0.3932793406774931,0,0.0,
2023-02-06 19:00:00,-0.49470538395839697,0,0.0,
2023-02-06 20:00:00,-0.29543615022301484,0,0.0,
2023-02-06 21:00:00,-0.8375662332749529,0,0.0,
2023-02-06 22:00:00,-0.33764019652665633,0,0.0,
2023-02-06 23:00:00,-1.7135353751533393,1,1.7313477051596153,Gradual Drifts
2023-02-07 00:00:00,0.9641419269958504,0,0.0,
2023-02-07 01:00:00,0.7762693002016294,0,0.0,
2023-02-07 02:00:00,0.7734775905313995,0,0.0,
2023-02-07 03:00:00,-0.8885394407314268,0,0.0,
2023-02-07 04:00:00,-0.7570729005960694,0,0.0,
2023-02-07 05:00:00,0.9171856137001024,0,0.0,
2023-02-07 06:00:00,1.3647080402596745,0,0.0,
2023-02-07 07:00:00,0.335106172874452,0,0.0,
2023-02-07 08:00:00,0.3230962569154004,0,0.0,
2023-02-07 09:00:00,0.8279795527372988,0,0.0,
2023-02-07 10:00:00,-0.4660636928321175,0,0.0,
2023-02-07 11:00:00,0.1351354769072292,0,0.0,
2023-02-07 12:00:00,0.8801772080227399,0,0.0,
2023-02-07 13:00:00,-0.04431109112171001,0,0.0,
2023-02-07 14:00:00,1.674543805595062,0,0.0,
2023-02-07 15:00:00,1.116376299684487,0,0.0,
2023-02-07 16:00:00,0.01574316590220401,0,0.0,
2023-02-07 17:00:00,-0.7058308132784737,0,0.0,
2023-02-07 18:00:00,-0.8901412636692151,0,0.0,
2023-02-07 19:00:00,-0.10077833510310082,0,0.0,
2023-02-07 20:00:00,0.9889523124582594,0,0.0,
2023-02-07 21:00:00,-0.3717895112660723,0,0.0,
2023-02-07 22:00:00,1.357712716624979,0,0.0,
2023-02-07 23:00:00,0.44942235127812685,0,0.0,
2023-02-08 00:00:00,0.33236375165257687,0,0.0,
2023-02-08 01:00:00,1.0189317505420932,0,0.0,
2023-02-08 02:00:00,0.7473331821484718,0,0.0,
2023-02-08 03:00:00,0.5547839366423882,0,0.0,
2023-02-08 04:00:00,1.2182510055255282,0,0.0,
2023-02-08 05:00:00,0.833326047279418,0,0.0,
2023-02-08 06:00:00,0.6563679812050937,0,0.0,
2023-02-08 07:00:00,0.773926468358935,0,0.0,
2023-02-08 08:00:00,-0.37112009534361284,0,0.0,
2023-02-08 09:00:00,0.6918816393765236,0,0.0,
2023-02-08 10:00:00,-0.35400848436477356,0,0.0,
2023-02-08 11:00:00,-0.4802048311206235,0,0.0,
2023-02-08 12:00:00,-1.2659432772348351,0,0.0,
2023-02-08 13:00:00,-0.9025451391782179,0,0.0,
2023-02-08 14:00:00,0.015391510248056923,0,0.0,
2023-02-08 15:00:00,-0.8372294822702101,0,0.0,
2023-02-08 16:00:00,0.33915678645370395,0,0.0,
2023-02-08 17:00:00,1.7243784955979502,0,0.0,
2023-02-08 18:00:00,-0.2143243966681957,0,0.0,
2023-02-08 19:00:00,0.9591610271301397,0,0.0,
2023-02-08 20:00:00,0.23898947343260502,0,0.0,
2023-02-08 21:00:00,-0.09782001407925592,0,0.0,
2023-02-08 22:00:00,-1.4964233503006925,0,0.0,
2023-02-08 23:00:00,-2.07100115732644,1,2.088813487332716,Gradual Drifts
2023-02-09 00:00:00,-0.0028788924437134875,0,0.0,
2023-02-09 01:00:00,2.107620941429231,1,2.089808611422955,Gradual Drifts
2023-02-09 02:00:00,-0.009522686973547623,0,0.0,
2023-02-09 03:00:00,-0.3431471685565511,0,0.0,
2023-02-09 04:00:00,-0.7783974104514289,0,0.0,
2023-02-09 05:00:00,-0.18825762437693924,0,0.0,
2023-02-09 06:00:00,-0.06301463010057116,0,0.0,
2023-02-09 07:00:00,0.19594992221172908,0,0.0,
2023-02-09 08:00:00,-0.5050471669010865,0,0.0,
2023-02-09 09:00:00,0.5008822593559067,0,0.0,
2023-02-09 10:00:00,-0.9552533778904331,0,0.0,
2023-02-09 11:00:00,0.7951550684528855,0,0.0,
2023-02-09 12:00:00,0.4217741788705346,0,0.0,
2023-02-09 13:00:00,-0.1477841474034479,0,0.0,
2023-02-09 14:00:00,0.5897037487602366,0,0.0,
2023-02-09 15:00:00,-2.0629149092416013,1,2.080727239247877,Gradual Drifts
2023-02-09 16:00:00,-0.7529609841838308,0,0.0,
2023-02-09 17:00:00,-0.940577259396915,0,0.0,
2023-02-09 18:00:00,-0.8432672895683622,0,0.0,
2023-02-09 19:00:00,-1.9981504913379255,1,2.0159628213442016,Gradual Drifts
2023-02-09 20:00:00,0.3302354695664243,0,0.0,
2023-02-09 21:00:00,-0.8084417729537444,0,0.0,
2023-02-09 22:00:00,1.87242015656059,1,1.854607826554314,Gradual Drifts
2023-02-09 23:00:00,-0.13347803869826178,0,0.0,
2023-02-10 00:00:00,-2.699703126784371,1,2.7175154567906468,Gradual Drifts
2023-02-10 01:00:00,1.101279133467842,0,0.0,
2023-02-10 02:00:00,-0.92540287486913,0,0.0,
2023-02-10 03:00:00,-0.25849448713787665,0,0.0,
2023-02-10 04:00:00,-0.13576499160028987,0,0.0,
2023-02-10 05:00:00,-0.8322892093655764,0,0.0,
2023-02-10 06:00:00,-1.0124033344747643,0,0.0,
2023-02-10 07:00:00,0.5009072630867077,0,0.0,
2023-02-10 08:00:00,-0.8736643959945155,0,0.0,
2023-02-10 09:00:00,-0.494447733964196,0,0.0,
2023-02-10 10:00:00,0.8784710824441823,0,0.0,
2023-02-10 11:00:00,0.28829748448861914,0,0.0,
2023-02-10 12:00:00,1.8979163313118257,1,1.8801040013055497,Gradual Drifts
2023-02-10 13:00:00,-0.02776932679707319,0,0.0,
2023-02-10 14:00:00,1.197151235317699,0,0.0,
2023-02-10 15:00:00,-0.0342140320002218,0,0.0,
2023-02-10 16:00:00,1.7025394278803703,0,0.0,
2023-02-10 17:00:00,0.9908775309355297,0,0.0,
2023-02-10 18:00:00,-0.7490807456986771,0,0.0,
2023-02-10 19:00:00,0.5088675188118452,0,0.0,
2023-02-10 20:00:00,-2.0356746230598852,1,2.053486953066161,Gradual Drifts
2023-02-10 21:00:00,-0.9375623144571665,0,0.0,
2023-02-10 22:00:00,0.19847781675968446,0,0.0,
2023-02-10 23:00:00,-1.1452089272136923,0,0.0,
2023-02-11 00:00:00,-0.39562584262410627,0,0.0,
2023-02-11 01:00:00,0.6248458730816154,0,0.0,
2023-02-11 02:00:00,0.48688132154530095,0,0.0,
2023-02-11 03:00:00,0.7442221474647592,0,0.0,
2023-02-11 04:00:00,-1.4722100034689727,0,0.0,
2023-02-11 05:00:00,0.058692406834379804,0,0.0,
2023-02-11 06:00:00,1.5676301474739762,0,0.0,
2023-02-11 07:00:00,0.27617374722873,0,0.0,
2023-02-11 08:00:00,0.6794599098984767,0,0.0,
2023-02-11 09:00:00,-0.6870512327982371,0,0.0,
2023-02-11 10:00:00,0.4067989820431839,0,0.0,
2023-02-11 11:00:00,-1.1022862596315672,0,0.0,
2023-02-11 12:00:00,-1.9143974815301128,1,1.9322098115363888,Gradual Drifts
2023-02-11 13:00:00,0.8305189866182836,0,0.0,
2023-02-11 14:00:00,0.4816982172520642,0,0.0,
2023-02-11 15:00:00,2.0661540221193238,1,2.048341692113048,Gradual Drifts
